Date,SnP_Close,SnP_Volume,VIX,formatted_date,3MTbill,wti
1/1/2020,3230.78,2894760000,13.78,20200101,1.52,61.14
2/1/2020,3257.85,3459930000,12.47,20200102,1.51,61.17
3/1/2020,3234.85,3484700000,14.02,20200103,1.49,63
6/1/2020,3246.28,3702460000,13.85,20200106,1.53,63.27
7/1/2020,3237.18,3435910000,13.79,20200107,1.51,62.7
8/1/2020,3253.05,3726840000,13.45,20200108,1.51,59.65
9/1/2020,3274.7,3641230000,12.54,20200109,1.51,59.56
10/1/2020,3265.35,3214580000,12.56,20200110,1.51,59.02
13/1/2020,3288.13,3459390000,12.32,20200113,1.54,58.17
14/1/2020,3283.15,3687620000,12.39,20200114,1.54,58.34
15/1/2020,3289.29,3721490000,12.42,20200115,1.54,57.86
16/1/2020,3316.81,3540580000,12.32,20200116,1.52,58.52
17/1/2020,3329.62,3726220000,12.1,20200117,1.53,58.55
21/1/2020,3320.79,4104840000,12.85,20200121,1.53,58.25
22/1/2020,3321.75,3623780000,12.91,20200122,1.52,56.76
23/1/2020,3325.54,3766710000,12.98,20200123,1.52,55.51
24/1/2020,3295.47,3708780000,14.56,20200124,1.51,54.09
27/1/2020,3243.63,3831050000,18.23,20200127,1.52,53.09
28/1/2020,3276.24,3531570000,16.28,20200128,1.54,53.33
29/1/2020,3273.4,3600250000,16.39,20200129,1.53,53.29
30/1/2020,3283.66,3790350000,15.49,20200130,1.54,52.19
31/1/2020,3225.52,4529700000,18.84,20200131,1.52,51.58
2/3/2020,3248.92,3760460000,17.97,20200203,1.54,50.06
2/4/2020,3297.59,3996900000,16.05,20200204,1.54,49.59
2/5/2020,3334.69,4121480000,15.15,20200205,1.54,50.87
2/6/2020,3345.78,3887250000,14.96,20200206,1.54,50.94
2/7/2020,3327.71,3733920000,15.47,20200207,1.53,50.34
2/10/2020,3352.09,3462730000,15.04,20200210,1.55,49.59
2/11/2020,3357.75,3762940000,15.18,20200211,1.54,50
2/12/2020,3379.45,3930910000,13.74,20200212,1.55,51.13
13/2/2020,3373.94,3500890000,14.15,20200213,1.56,51.41
14/2/2020,3380.16,3419700000,13.68,20200214,1.55,52.03
18/2/2020,3370.29,3750400000,14.83,20200218,1.55,52.1
19/2/2020,3386.15,3614200000,14.38,20200219,1.55,53.31
20/2/2020,3373.23,4019180000,15.56,20200220,1.55,53.77
21/2/2020,3337.75,3908780000,17.08,20200221,1.53,53.36
24/2/2020,3225.89,4851160000,25.03,20200224,1.5,51.36
25/2/2020,3128.21,5596760000,27.85,20200225,1.5,49.78
26/2/2020,3116.39,5484650000,27.56,20200226,1.5,48.67
27/2/2020,2978.76,7064710000,39.16,20200227,1.42,47.17
28/2/2020,2954.22,8569570000,40.11,20200228,1.25,44.83
3/2/2020,3090.23,6381330000,33.42,20200302,1.1,46.78
3/3/2020,3003.37,6376510000,36.82,20200303,0.93,47.27
3/4/2020,3130.12,5073020000,31.99,20200304,0.71,46.78
3/5/2020,3023.94,5579290000,39.62,20200305,0.61,45.9
3/6/2020,2972.37,6555240000,41.94,20200306,0.45,41.14
3/9/2020,2746.56,8441290000,54.46,20200309,0.32,31.05
3/10/2020,2882.23,7642040000,47.3,20200310,0.43,34.47
3/11/2020,2741.38,7431200000,53.9,20200311,0.41,33.13
3/12/2020,2480.64,8850810000,75.47,20200312,0.33,31.56
13/3/2020,2711.02,8299070000,57.83,20200313,0.27,31.72
16/3/2020,2386.13,7805450000,82.69,20200316,0.24,28.96
17/3/2020,2529.19,8370250000,75.91,20200317,0.19,26.96
18/3/2020,2398.1,8799300000,76.45,20200318,0.02,20.48
19/3/2020,2409.39,7956100000,72,20200319,0.04,25.09
20/3/2020,2304.92,9053950000,66.04,20200320,0.05,19.48
23/3/2020,2237.4,7411380000,61.59,20200323,0.02,23.33
24/3/2020,2447.33,7563150000,61.67,20200324,0.01,21.03
25/3/2020,2475.56,8300010000,63.95,20200325,-0.04,20.75
26/3/2020,2630.07,7766990000,61,20200326,-0.05,16.6
27/3/2020,2541.47,6201670000,65.54,20200327,0.03,15.48
30/3/2020,2626.65,5751120000,57.08,20200330,0.12,14.1
31/3/2020,2584.59,6576210000,53.54,20200331,0.11,20.51
4/1/2020,2470.5,5964000000,57.06,20200401,0.09,20.28
4/2/2020,2526.9,6464190000,50.91,20200402,0.09,25.18
4/3/2020,2488.65,6096970000,46.8,20200403,0.1,28.36
4/6/2020,2663.68,6403840000,45.24,20200406,0.15,26.21
4/7/2020,2659.41,7050410000,46.7,20200407,0.14,23.54
4/8/2020,2749.98,5875710000,43.35,20200408,0.22,24.97
4/9/2020,2789.82,7899550000,41.67,20200409,0.25,22.9
13/4/2020,2761.63,5319530000,41.17,20200413,0.26,22.36
14/4/2020,2846.06,5615730000,37.76,20200414,0.2,20.15
15/4/2020,2783.36,5208000000,40.84,20200415,0.14,19.96
16/4/2020,2799.55,5228810000,40.11,20200416,0.14,19.82
17/4/2020,2874.56,5804810000,38.15,20200417,0.12,18.31
20/4/2020,2823.16,5228630000,43.83,20200420,0.12,-36.98
21/4/2020,2736.56,5121010000,45.41,20200421,0.11,8.91
22/4/2020,2799.31,5084920000,41.98,20200422,0.12,13.64
23/4/2020,2797.8,5773530000,41.38,20200423,0.11,15.06
24/4/2020,2836.74,5382810000,35.93,20200424,0.12,15.99
27/4/2020,2878.48,5203930000,33.29,20200427,0.12,12.17
28/4/2020,2863.39,5691160000,33.57,20200428,0.11,12.4
29/4/2020,2939.51,6645640000,31.23,20200429,0.1,15.04
30/4/2020,2912.43,6544980000,34.15,20200430,0.09,19.23
5/1/2020,2830.71,4759810000,37.19,20200501,0.12,19.72
5/4/2020,2842.74,4735930000,35.97,20200504,0.13,20.47
5/5/2020,2868.44,5140290000,33.61,20200505,0.13,24.56
5/6/2020,2848.42,4892570000,34.12,20200506,0.12,23.88
5/7/2020,2881.19,5178790000,31.44,20200507,0.11,23.68
5/8/2020,2929.8,4876030000,27.98,20200508,0.12,24.73
5/11/2020,2930.19,4819730000,27.57,20200511,0.12,24.02
5/12/2020,2870.12,5119630000,33.04,20200512,0.13,25.76
13/5/2020,2820,6151650000,35.28,20200513,0.13,25.37
14/5/2020,2852.5,5651130000,32.61,20200514,0.12,27.4
15/5/2020,2863.7,5507700000,31.89,20200515,0.12,29.44
18/5/2020,2953.91,6373670000,29.3,20200518,0.13,31.83
19/5/2020,2922.94,4984330000,30.53,20200519,0.13,32.3
20/5/2020,2971.61,5005380000,27.99,20200520,0.12,33.56
21/5/2020,2948.51,4976620000,29.53,20200521,0.12,34.3
22/5/2020,2955.45,3970860000,28.16,20200522,0.12,33.49
26/5/2020,2991.77,5848500000,28.01,20200526,0.14,34.7
27/5/2020,3036.13,6398000000,27.62,20200527,0.15,32.8
28/5/2020,3029.73,5447020000,28.59,20200528,0.15,33.67
29/5/2020,3044.31,7297550000,27.51,20200529,0.14,35.57
6/1/2020,3055.73,4684170000,28.23,20200601,0.14,35.49
6/2/2020,3080.82,5197150000,26.84,20200602,0.15,36.88
6/3/2020,3122.87,6005560000,25.66,20200603,0.16,37.33
6/4/2020,3112.35,6451290000,25.81,20200604,0.15,37.42
6/5/2020,3193.93,8639300000,24.52,20200605,0.15,39.49
6/8/2020,3232.39,8498300000,25.81,20200608,0.17,38.17
6/9/2020,3207.18,6410930000,27.57,20200609,0.19,38.98
6/10/2020,3190.14,6598870000,27.57,20200610,0.17,39.54
6/11/2020,3002.1,7037320000,40.79,20200611,0.17,36.43
6/12/2020,3041.31,5845330000,36.09,20200612,0.16,36.24
15/6/2020,3066.59,5757480000,34.4,20200615,0.18,37.07
16/6/2020,3124.74,5845810000,33.67,20200616,0.17,38.26
17/6/2020,3113.49,4560450000,33.47,20200617,0.17,37.91
18/6/2020,3115.34,4448690000,32.94,20200618,0.16,38.79
19/6/2020,3097.74,8346650000,35.12,20200619,0.15,39.72
22/6/2020,3117.86,4686690000,31.77,20200622,0.16,40.6
23/6/2020,3131.29,4711850000,31.37,20200623,0.16,40.4
24/6/2020,3050.33,5597680000,33.84,20200624,0.15,37.91
25/6/2020,3083.76,4847690000,32.22,20200625,0.16,38.66
26/6/2020,3009.05,8107850000,34.73,20200626,0.14,38.53
29/6/2020,3053.24,4473970000,31.78,20200629,0.14,39.67
30/6/2020,3100.29,4705850000,30.43,20200630,0.16,39.27
7/1/2020,3115.86,4449230000,28.62,20200701,0.14,39.88
7/2/2020,3130.01,4197720000,27.68,20200702,0.14,40.57
7/6/2020,3179.72,4759160000,27.94,20200706,0.15,40.51
7/7/2020,3145.32,4571330000,29.43,20200707,0.15,40.59
7/8/2020,3169.94,4937310000,28.08,20200708,0.15,40.91
7/9/2020,3152.05,4843650000,29.26,20200709,0.13,39.64
7/10/2020,3185.04,4524190000,27.29,20200710,0.13,40.56
13/7/2020,3155.22,4902440000,32.19,20200713,0.14,40.06
14/7/2020,3197.52,4507140000,29.52,20200714,0.15,40.3
15/7/2020,3226.56,4686830000,27.76,20200715,0.16,41.2
16/7/2020,3215.57,3972860000,28,20200716,0.11,40.74
17/7/2020,3224.73,4012850000,25.68,20200717,0.11,40.55
20/7/2020,3251.84,3979340000,24.46,20200720,0.13,40.83
21/7/2020,3257.3,4556610000,24.84,20200721,0.13,41.76
22/7/2020,3276.02,4267160000,24.32,20200722,0.13,41.88
23/7/2020,3235.66,4296760000,26.08,20200723,0.12,40.99
24/7/2020,3215.63,3689410000,25.84,20200724,0.11,41.23
27/7/2020,3239.41,3970310000,24.74,20200727,0.11,41.46
28/7/2020,3218.44,4053180000,25.44,20200728,0.11,40.89
29/7/2020,3258.44,4478200000,24.1,20200729,0.11,41.13
30/7/2020,3246.22,4264920000,24.76,20200730,0.09,39.85
31/7/2020,3271.12,5007530000,24.46,20200731,0.09,40.1
8/3/2020,3294.61,4438940000,24.28,20200803,0.1,40.83
8/4/2020,3306.51,4414380000,23.76,20200804,0.09,41.67
8/5/2020,3327.77,4535060000,22.99,20200805,0.1,42.25
8/6/2020,3349.16,4278930000,22.65,20200806,0.1,41.93
8/7/2020,3351.28,4110030000,22.21,20200807,0.1,41.16
8/10/2020,3360.47,4327920000,22.13,20200810,0.11,41.94
8/11/2020,3333.69,4880540000,24.03,20200811,0.11,41.53
8/12/2020,3380.35,3772250000,22.28,20200812,0.11,42.6
13/8/2020,3373.43,3438730000,22.13,20200813,0.1,42.26
14/8/2020,3372.85,3200060000,22.05,20200814,0.1,42.05
17/8/2020,3381.99,3460330000,21.35,20200817,0.1,42.89
18/8/2020,3389.78,3669550000,21.51,20200818,0.09,42.89
19/8/2020,3374.85,3679480000,22.54,20200819,0.11,42.91
20/8/2020,3385.51,3431040000,22.72,20200820,0.11,42.62
21/8/2020,3397.16,3505010000,22.54,20200821,0.1,42.32
24/8/2020,3431.28,3743410000,22.37,20200824,0.12,42.44
25/8/2020,3443.62,3627650000,22.03,20200825,0.11,43.17
26/8/2020,3478.73,3780530000,23.27,20200826,0.11,43.21
27/8/2020,3484.55,3955890000,24.47,20200827,0.11,42.88
28/8/2020,3508.01,3868510000,22.96,20200828,0.1,42.96
31/8/2020,3500.31,4348280000,26.41,20200831,0.11,42.61
9/1/2020,3526.65,4101490000,26.12,20200901,0.12,42.76
9/2/2020,3580.84,4295640000,26.57,20200902,0.12,42.76
9/3/2020,3455.06,4911830000,33.6,20200903,0.11,41.39
9/4/2020,3426.96,4438720000,30.75,20200904,0.11,39.69
9/8/2020,3331.84,4694330000,31.46,20200908,0.13,36.87
9/9/2020,3398.96,3932520000,28.81,20200909,0.12,38.05
9/10/2020,3339.19,4208630000,29.71,20200910,0.12,37.25
9/11/2020,3340.97,3710090000,26.87,20200911,0.11,37.33
14/9/2020,3383.54,3839580000,25.85,20200914,0.11,37.23
15/9/2020,3401.2,4057190000,25.59,20200915,0.11,38.29
16/9/2020,3385.49,4718900000,26.04,20200916,0.12,40.17
17/9/2020,3357.01,4379840000,26.46,20200917,0.09,40.99
18/9/2020,3319.47,7076400000,25.83,20200918,0.1,41.09
21/9/2020,3281.06,4836070000,27.78,20200921,0.1,39.26
22/9/2020,3315.57,3974510000,26.86,20200922,0.1,39.55
23/9/2020,3236.92,4378650000,28.58,20200923,0.11,39.92
24/9/2020,3246.59,4601920000,28.51,20200924,0.1,40.11
25/9/2020,3298.46,3803330000,26.38,20200925,0.1,40.06
28/9/2020,3351.6,3950910000,26.19,20200928,0.11,40.47
29/9/2020,3335.47,3661590000,26.27,20200929,0.09,39.03
30/9/2020,3363,4738640000,26.37,20200930,0.1,40.05
10/1/2020,3380.8,4076340000,26.7,20201001,0.09,38.51
10/2/2020,3348.42,3975180000,27.63,20201002,0.09,36.9
10/5/2020,3408.6,3692720000,27.96,20201005,0.1,39.12
10/6/2020,3360.97,4453390000,29.48,20201006,0.1,40.52
10/7/2020,3419.44,3814750000,28.06,20201007,0.1,39.82
10/8/2020,3446.83,3867640000,26.36,20201008,0.09,41.04
10/9/2020,3477.14,3944090000,25,20201009,0.1,40.44
10/12/2020,3534.22,3435760000,25.07,20201012,0.1,39.22
13/10/2020,3511.93,3611100000,26.07,20201013,0.11,40.03
14/10/2020,3488.67,3858510000,26.4,20201014,0.12,40.86
15/10/2020,3483.34,3724550000,26.97,20201015,0.11,40.84
16/10/2020,3483.81,4688030000,27.41,20201016,0.11,40.7
19/10/2020,3426.92,4091080000,29.18,20201019,0.11,40.69
20/10/2020,3443.12,3917850000,29.35,20201020,0.1,41.37
21/10/2020,3435.56,4103960000,28.65,20201021,0.1,39.88
22/10/2020,3453.49,4172060000,28.11,20201022,0.09,40.46
23/10/2020,3465.39,3651600000,27.55,20201023,0.1,39.73
26/10/2020,3400.97,4002210000,32.46,20201026,0.11,38.39
27/10/2020,3390.68,3962400000,33.35,20201027,0.1,39.34
28/10/2020,3271.03,5139970000,40.28,20201028,0.1,37.27
29/10/2020,3310.11,4911860000,37.59,20201029,0.09,35.94
30/10/2020,3269.96,4843930000,38.02,20201030,0.09,35.64
11/2/2020,3310.24,4314690000,37.13,20201102,0.09,36.6
11/3/2020,3369.16,4241380000,35.55,20201103,0.1,37.44
11/4/2020,3443.44,4790400000,29.57,20201104,0.1,38.97
11/5/2020,3510.45,4858150000,27.58,20201105,0.1,38.56
11/6/2020,3509.44,4842460000,24.86,20201106,0.1,36.97
11/9/2020,3550.5,8570510000,25.75,20201109,0.11,40.05
11/10/2020,3545.53,6037470000,24.8,20201110,0.1,41.18
11/11/2020,3572.66,4635560000,23.45,20201111,0.1,41.23
11/12/2020,3537.01,4909660000,25.35,20201112,0.1,40.9
13/11/2020,3585.15,4719580000,23.1,20201113,0.09,39.93
16/11/2020,3626.91,5295510000,22.45,20201116,0.09,41.14
17/11/2020,3609.53,4812180000,22.71,20201117,0.09,41.24
18/11/2020,3567.79,5284810000,23.84,20201118,0.09,41.64
19/11/2020,3581.87,4363370000,23.11,20201119,0.07,41.57
20/11/2020,3557.54,4236370000,23.7,20201120,0.07,41.99
23/11/2020,3577.59,5057550000,22.66,20201123,0.08,42.91
24/11/2020,3635.41,6280290000,21.64,20201124,0.09,44.71
25/11/2020,3629.65,4910440000,21.25,20201125,0.09,45.58
27/11/2020,3638.35,2778390000,20.84,20201127,0.09,45.58
30/11/2020,3621.63,6308410000,20.57,20201130,0.08,45.2
12/1/2020,3662.45,5418480000,20.77,20201201,0.09,44.54
12/2/2020,3669.01,5041250000,21.17,20201202,0.09,45.23
12/3/2020,3666.72,5065340000,21.28,20201203,0.08,45.65
12/4/2020,3699.12,5099620000,20.79,20201204,0.09,46.23
12/7/2020,3691.96,4804500000,21.3,20201207,0.08,45.72
12/8/2020,3702.25,4584390000,20.68,20201208,0.09,45.64
12/9/2020,3672.82,5232800000,22.27,20201209,0.08,45.48
12/10/2020,3668.1,4658480000,22.52,20201210,0.08,46.76
12/11/2020,3663.46,4375470000,23.31,20201211,0.08,46.59
14/12/2020,3647.49,4623850000,24.72,20201214,0.09,47.02
15/12/2020,3694.62,4387080000,22.89,20201215,0.08,47.58
16/12/2020,3701.17,4067040000,22.5,20201216,0.09,47.86
17/12/2020,3722.48,4192810000,21.93,20201217,0.08,48.34
18/12/2020,3709.41,7097100000,21.57,20201218,0.08,49.04
21/12/2020,3694.92,4748580000,25.16,20201221,0.09,47.79
22/12/2020,3687.26,4053310000,24.23,20201222,0.09,47.02
23/12/2020,3690.01,3779160000,23.31,20201223,0.09,47.94
24/12/2020,3703.06,1883780000,21.53,20201224,0.09,48.18
28/12/2020,3735.36,3535460000,21.7,20201228,0.11,47.5
29/12/2020,3727.04,3393290000,23.08,20201229,0.1,47.85
30/12/2020,3732.04,3154850000,22.77,20201230,0.08,48.24
31/12/2020,3756.07,3179040000,22.75,20201231,0.09,48.35
1/4/2021,3700.65,5015000000,26.97,20210104,0.09,47.47
1/5/2021,3726.86,4591020000,25.34,20210105,0.09,49.78
1/6/2021,3748.14,6064110000,25.07,20210106,0.09,50.45
1/7/2021,3803.79,5099160000,22.37,20210107,0.09,50.63
1/8/2021,3824.68,4773040000,21.56,20210108,0.08,52.14
1/11/2021,3799.61,4465430000,24.08,20210111,0.08,52.15
1/12/2021,3801.19,4994950000,23.33,20210112,0.09,53.08
13/1/2021,3809.84,4602510000,22.21,20210113,0.09,52.81
14/1/2021,3795.54,5198480000,23.25,20210114,0.09,53.47
15/1/2021,3768.25,5369820000,24.34,20210115,0.09,52.25
19/1/2021,3798.91,5014440000,23.24,20210119,0.09,52.87
20/1/2021,3851.85,4566190000,21.58,20210120,0.08,53.16
21/1/2021,3853.07,4501760000,21.32,20210121,0.09,53
22/1/2021,3841.47,5110890000,21.91,20210122,0.08,52.28
25/1/2021,3855.36,7000840000,23.19,20210125,0.09,52.78
26/1/2021,3849.62,6137500000,23.02,20210126,0.07,52.61
27/1/2021,3750.77,9976520000,37.21,20210127,0.08,52.81
28/1/2021,3787.38,6992770000,30.21,20210128,0.07,52.26
29/1/2021,3714.24,6643370000,33.09,20210129,0.06,52.16
2/1/2021,3773.86,5436230000,30.24,20210201,0.07,53.55
2/2/2021,3826.31,5514090000,25.56,20210202,0.07,54.77
2/3/2021,3830.17,4864870000,22.91,20210203,0.04,55.67
2/4/2021,3871.74,4879240000,21.77,20210204,0.04,56.19
2/5/2021,3886.83,4879470000,20.87,20210205,0.03,56.8
2/8/2021,3915.59,4648360000,21.24,20210208,0.05,57.95
2/9/2021,3911.23,4568320000,21.63,20210209,0.04,58.34
2/10/2021,3909.88,4837070000,21.99,20210210,0.05,58.69
2/11/2021,3916.38,4590960000,21.25,20210211,0.05,58.22
2/12/2021,3934.83,4135060000,19.97,20210212,0.04,59.5
16/2/2021,3932.59,5058990000,21.46,20210216,0.04,60.07
17/2/2021,3931.33,4730650000,21.5,20210217,0.04,61.09
18/2/2021,3913.97,4793650000,22.49,20210218,0.03,60.4
19/2/2021,3906.71,4845320000,22.05,20210219,0.04,59.12
22/2/2021,3876.5,5917100000,23.45,20210222,0.03,61.67
23/2/2021,3881.37,6296610000,23.11,20210223,0.04,61.66
24/2/2021,3925.43,6012790000,21.34,20210224,0.03,63.21
25/2/2021,3829.34,6547470000,28.89,20210225,0.04,63.43
26/2/2021,3811.15,6526070000,27.95,20210226,0.04,61.55
3/1/2021,3901.82,5114820000,23.35,20210301,0.05,60.54
3/2/2021,3870.29,5536010000,24.1,20210302,0.04,59.7
3/3/2021,3819.72,6173660000,26.67,20210303,0.05,61.33
3/4/2021,3768.47,7195400000,28.57,20210304,0.04,63.81
3/5/2021,3841.94,6851070000,24.66,20210305,0.04,66.08
3/8/2021,3821.35,5871710000,25.47,20210308,0.05,65.03
3/9/2021,3875.44,5513560000,24.03,20210309,0.05,64.02
3/10/2021,3898.81,5847380000,22.56,20210310,0.04,64.45
3/11/2021,3939.34,5312880000,21.91,20210311,0.04,66.02
3/12/2021,3943.34,4476280000,20.69,20210312,0.04,65.59
15/3/2021,3968.94,4900100000,20.03,20210315,0.04,65.36
16/3/2021,3962.71,4613080000,19.79,20210316,0.02,64.82
17/3/2021,3974.12,4561660000,19.23,20210317,0.02,64.55
18/3/2021,3915.46,5118590000,21.58,20210318,0.01,59.95
19/3/2021,3913.1,7757420000,20.95,20210319,0.01,61.43
22/3/2021,3940.59,4316260000,18.88,20210322,0.03,61.48
23/3/2021,3910.52,4669010000,20.3,20210323,0.01,57.75
24/3/2021,3889.14,4783020000,21.2,20210324,0.02,61.12
25/3/2021,3909.52,4948340000,19.81,20210325,0.02,58.47
26/3/2021,3974.54,5483160000,18.86,20210326,0.02,60.93
29/3/2021,3971.09,4628180000,20.74,20210329,0.03,61.49
30/3/2021,3958.55,4121510000,19.61,20210330,0.02,60.55
31/3/2021,3972.89,4578050000,19.4,20210331,0.03,59.19
4/1/2021,4019.87,4162130000,17.33,20210401,0.02,61.41
4/5/2021,4077.91,4005030000,17.91,20210405,0.03,58.73
4/6/2021,4073.94,4081270000,18.12,20210406,0.02,59.34
4/7/2021,4079.95,4120810000,17.16,20210407,0.02,59.77
4/8/2021,4097.17,3907100000,16.95,20210408,0.01,59.61
4/9/2021,4128.8,3640390000,16.69,20210409,0.02,59.29
4/12/2021,4127.99,3588900000,16.91,20210412,0.02,59.7
13/4/2021,4141.59,3734720000,16.65,20210413,0.03,60.2
14/4/2021,4124.66,3985350000,16.99,20210414,0.02,63.15
15/4/2021,4170.42,4033420000,16.57,20210415,0.02,63.42
16/4/2021,4185.47,4163820000,16.25,20210416,0.02,63.16
19/4/2021,4163.26,3810290000,17.29,20210419,0.02,63.33
20/4/2021,4134.94,4342650000,18.68,20210420,0.03,62.61
21/4/2021,4173.42,3887250000,17.5,20210421,0.03,61.34
22/4/2021,4134.98,4245140000,18.71,20210422,0.03,61.45
23/4/2021,4180.17,3569880000,17.33,20210423,0.03,62.18
26/4/2021,4187.62,3748320000,17.64,20210426,0.03,62.02
27/4/2021,4186.72,3710700000,17.56,20210427,0.01,63.03
28/4/2021,4183.18,3787360000,17.28,20210428,0.01,63.81
29/4/2021,4211.47,4298680000,17.61,20210429,0.01,65
30/4/2021,4181.17,4300880000,18.61,20210430,0.01,63.5
5/3/2021,4192.66,4070220000,18.31,20210503,0.04,64.46
5/4/2021,4164.66,4452460000,19.48,20210504,0.02,65.72
5/5/2021,4167.59,4230920000,19.15,20210505,0.02,65.63
5/6/2021,4201.62,4511000000,18.39,20210506,0.02,64.73
5/7/2021,4232.6,4016080000,16.69,20210507,0.02,64.96
5/10/2021,4188.43,4560700000,19.66,20210510,0.02,64.92
5/11/2021,4152.1,4870710000,21.84,20210511,0.01,65.31
5/12/2021,4063.04,4733070000,27.59,20210512,0.02,65.96
13/5/2021,4112.5,4779540000,23.13,20210513,0.02,63.82
14/5/2021,4173.85,4008880000,18.81,20210514,0.01,65.32
17/5/2021,4163.29,4125050000,19.72,20210517,0.02,66.24
18/5/2021,4127.83,4398150000,21.34,20210518,0.02,65.49
19/5/2021,4115.68,4247450000,22.18,20210519,0.01,63.28
20/5/2021,4159.12,3978880000,20.67,20210520,0.01,61.95
21/5/2021,4155.86,3995250000,20.15,20210521,0.01,63.61
24/5/2021,4197.05,3684800000,18.4,20210524,0.02,66.13
25/5/2021,4188.13,4182250000,18.84,20210525,0.02,66.27
26/5/2021,4195.99,4420890000,17.36,20210526,0.02,66.41
27/5/2021,4200.88,6406310000,16.74,20210527,0.02,66.87
28/5/2021,4204.11,4649250000,16.76,20210528,0.01,66.31
6/1/2021,4202.04,5074670000,17.9,20210601,0.02,67.8
6/2/2021,4208.12,5833670000,17.48,20210602,0.02,68.79
6/3/2021,4192.85,5587970000,18.04,20210603,0.02,68.81
6/4/2021,4229.89,4139790000,16.42,20210604,0.02,69.57
6/7/2021,4226.52,4476920000,16.42,20210607,0.02,69.21
6/8/2021,4227.26,4659620000,17.07,20210608,0.02,70.11
6/9/2021,4219.55,4713260000,17.89,20210609,0.03,69.9
6/10/2021,4239.18,4408210000,16.1,20210610,0.03,70.34
6/11/2021,4247.44,3815010000,15.65,20210611,0.03,71
14/6/2021,4255.15,4151200000,16.39,20210614,0.03,70.94
15/6/2021,4246.59,4048940000,17.02,20210615,0.03,72.06
16/6/2021,4223.7,4538350000,18.15,20210616,0.04,72.03
17/6/2021,4221.86,5312680000,17.75,20210617,0.04,71.06
18/6/2021,4166.45,6817010000,20.7,20210618,0.05,71.64
21/6/2021,4224.79,4128950000,17.89,20210621,0.05,73.64
22/6/2021,4246.44,3828390000,16.66,20210622,0.04,73.15
23/6/2021,4241.84,3730350000,16.32,20210623,0.05,73.11
24/6/2021,4266.49,3816660000,15.97,20210624,0.05,73.31
25/6/2021,4280.7,7341450000,15.62,20210625,0.06,74.21
28/6/2021,4290.61,4147890000,15.76,20210628,0.05,72.98
29/6/2021,4291.8,3707150000,16.02,20210629,0.04,73.14
30/6/2021,4297.5,4266040000,15.83,20210630,0.05,73.52
7/1/2021,4319.94,3788230000,15.48,20210701,0.05,75.33
7/2/2021,4352.34,3225840000,15.07,20210702,0.05,75.37
7/6/2021,4343.54,4309570000,16.44,20210706,0.05,73.62
7/7/2021,4358.13,4037380000,16.2,20210707,0.05,72.22
7/8/2021,4320.82,4347500000,19,20210708,0.06,72.98
7/9/2021,4369.55,3531120000,16.18,20210709,0.06,74.56
7/12/2021,4384.63,3384460000,16.17,20210712,0.05,74.21
13/7/2021,4369.21,3695430000,17.12,20210713,0.05,75.24
14/7/2021,4374.3,4006370000,16.33,20210714,0.06,73.06
15/7/2021,4360.03,3905230000,17.01,20210715,0.05,71.67
16/7/2021,4327.16,3985700000,18.45,20210716,0.05,71.76
19/7/2021,4258.49,5157660000,22.5,20210719,0.05,66.45
20/7/2021,4323.06,4438270000,19.73,20210720,0.05,67.32
21/7/2021,4358.69,3810280000,17.91,20210721,0.05,70.26
22/7/2021,4367.48,3358300000,17.69,20210722,0.05,72.15
23/7/2021,4411.79,4540070000,17.2,20210723,0.05,72.24
26/7/2021,4422.3,4275630000,17.58,20210726,0.05,72.15
27/7/2021,4401.46,4241950000,19.36,20210727,0.05,71.68
28/7/2021,4400.64,4215290000,18.31,20210728,0.05,72.37
29/7/2021,4419.15,4044600000,17.7,20210729,0.06,73.62
30/7/2021,4395.26,3956740000,18.24,20210730,0.06,73.93
8/2/2021,4387.16,3724090000,19.46,20210802,0.05,71.31
8/3/2021,4423.15,3965190000,18.04,20210803,0.05,70.64
8/4/2021,4402.66,4260760000,17.97,20210804,0.05,68.19
8/5/2021,4429.1,3769410000,17.28,20210805,0.05,69.1
8/6/2021,4436.52,3451870000,16.15,20210806,0.06,68.26
8/9/2021,4432.35,3449280000,16.72,20210809,0.06,66.56
8/10/2021,4436.75,3886610000,16.79,20210810,0.05,68.33
8/11/2021,4442.41,3532560000,16.17,20210811,0.05,69.3
8/12/2021,4460.83,3375310000,15.59,20210812,0.06,69.12
13/8/2021,4468,3016470000,15.45,20210813,0.06,68.36
16/8/2021,4479.71,3370640000,16.12,20210816,0.06,67.44
17/8/2021,4448.08,3836960000,17.91,20210817,0.07,66.5
18/8/2021,4400.27,3755590000,21.57,20210818,0.07,65.36
19/8/2021,4405.8,4398410000,21.67,20210819,0.06,63.69
20/8/2021,4441.67,3652610000,18.56,20210820,0.05,62.25
23/8/2021,4479.53,3576530000,17.15,20210823,0.05,65.65
24/8/2021,4486.23,3979220000,17.22,20210824,0.05,67.5
25/8/2021,4496.19,3444700000,16.79,20210825,0.06,68.54
26/8/2021,4470,3263980000,18.84,20210826,0.05,67.42
27/8/2021,4509.37,3331200000,16.39,20210827,0.05,68.84
30/8/2021,4528.79,3168660000,16.19,20210830,0.05,69.28
31/8/2021,4522.68,4290710000,16.48,20210831,0.04,68.43
9/1/2021,4524.09,4057340000,16.11,20210901,0.05,68.63
9/2/2021,4536.95,3735990000,16.41,20210902,0.05,70.07
9/3/2021,4535.43,3217530000,16.41,20210903,0.05,69.34
9/7/2021,4520.03,3822960000,18.14,20210907,0.05,68.49
9/8/2021,4514.07,3750880000,17.96,20210908,0.05,69.36
9/9/2021,4493.28,3735390000,18.8,20210909,0.04,68.26
9/10/2021,4458.58,3623180000,20.95,20210910,0.05,69.82
13/9/2021,4468.73,3914220000,19.37,20210913,0.06,70.54
14/9/2021,4443.05,3670460000,19.46,20210914,0.04,70.53
15/9/2021,4480.7,4032020000,18.18,20210915,0.04,72.59
16/9/2021,4473.75,3984560000,18.69,20210916,0.04,72.69
17/9/2021,4432.99,7289530000,20.81,20210917,0.04,72.09
20/9/2021,4357.73,4898070000,25.71,20210920,0.04,70.41
21/9/2021,4354.19,3920920000,24.36,20210921,0.03,70.51
22/9/2021,4395.64,3939170000,20.87,20210922,0.03,72.37
23/9/2021,4448.98,3916350000,18.63,20210923,0.03,73.43
24/9/2021,4455.48,3384290000,17.75,20210924,0.03,74.18
27/9/2021,4443.11,4058650000,18.76,20210927,0.04,75.54
28/9/2021,4352.63,4416550000,23.25,20210928,0.04,75.44
29/9/2021,4359.46,3712660000,22.56,20210929,0.04,75.06
30/9/2021,4307.54,4448140000,23.14,20210930,0.04,75.22
10/1/2021,4357.04,4010370000,21.1,20211001,0.04,76.01
10/4/2021,4300.46,4307870000,22.96,20211004,0.04,77.68
10/5/2021,4345.72,3902890000,21.3,20211005,0.04,79.17
10/6/2021,4363.55,4009630000,21,20211006,0.04,77.66
10/7/2021,4399.76,3843740000,19.54,20211007,0.05,78.46
10/8/2021,4391.34,3280160000,18.77,20211008,0.05,79.55
10/11/2021,4361.19,3281970000,20,20211011,0.05,80.64
10/12/2021,4350.65,3558450000,19.85,20211012,0.06,80.75
13/10/2021,4363.8,3620070000,18.64,20211013,0.05,80.67
14/10/2021,4438.26,3598280000,16.86,20211014,0.05,81.43
15/10/2021,4471.37,3819380000,16.3,20211015,0.05,82.39
18/10/2021,4486.46,3662010000,16.31,20211018,0.06,82.62
19/10/2021,4519.63,3459130000,15.7,20211019,0.05,83.19
20/10/2021,4536.19,3670760000,15.49,20211020,0.05,84.4
21/10/2021,4549.78,3822330000,15.01,20211021,0.06,82.64
22/10/2021,4544.9,3758220000,15.43,20211022,0.06,84.53
25/10/2021,4566.48,3899400000,15.24,20211025,0.06,84.64
26/10/2021,4574.79,3879740000,15.98,20211026,0.06,85.64
27/10/2021,4551.68,4226050000,16.98,20211027,0.06,82.66
28/10/2021,4596.42,4132950000,16.53,20211028,0.06,82.78
29/10/2021,4605.38,4510200000,16.26,20211029,0.05,83.5
11/1/2021,4613.67,3971540000,16.41,20211101,0.05,84.08
11/2/2021,4630.65,3975250000,16.03,20211102,0.05,83.91
11/3/2021,4660.57,4319660000,15.1,20211103,0.05,80.82
11/4/2021,4680.06,4462300000,15.44,20211104,0.04,78.88
11/5/2021,4697.53,4467180000,16.48,20211105,0.05,81.25
11/8/2021,4701.7,4269710000,17.22,20211108,0.06,81.96
11/9/2021,4685.25,4117080000,17.78,20211109,0.04,84.12
11/10/2021,4646.71,4503720000,18.73,20211110,0.05,81.23
11/11/2021,4649.27,3926870000,17.66,20211111,0.05,81.47
11/12/2021,4682.85,3728600000,16.29,20211112,0.05,80.87
15/11/2021,4682.8,3488410000,16.49,20211115,0.05,80.85
16/11/2021,4700.9,3972640000,16.37,20211116,0.05,80.76
17/11/2021,4688.67,3969070000,17.11,20211117,0.05,78.32
18/11/2021,4704.54,4226410000,17.59,20211118,0.05,78.92
19/11/2021,4697.96,4253180000,17.91,20211119,0.05,76.11
22/11/2021,4682.94,4441100000,19.17,20211122,0.05,76.74
23/11/2021,4690.7,4277590000,19.38,20211123,0.06,78.32
24/11/2021,4701.46,3418430000,18.58,20211124,0.06,78.32
26/11/2021,4594.62,3517700000,28.62,20211126,0.06,78.32
29/11/2021,4655.27,4336410000,22.96,20211129,0.06,69.88
30/11/2021,4567,6625990000,27.19,20211130,0.05,66.14
12/1/2021,4513.04,5366730000,31.12,20211201,0.06,65.44
12/2/2021,4577.1,5077180000,27.95,20211202,0.05,66.6
12/3/2021,4538.43,5240070000,30.67,20211203,0.06,66.39
12/6/2021,4591.67,4770800000,27.18,20211206,0.06,69.62
12/7/2021,4686.75,4492400000,21.89,20211207,0.06,71.94
12/8/2021,4701.21,4234600000,19.9,20211208,0.07,72.43
12/9/2021,4667.45,3903840000,21.58,20211209,0.06,70.87
12/10/2021,4712.02,3870110000,18.69,20211210,0.06,71.71
13/12/2021,4668.97,4397230000,20.31,20211213,0.05,71.19
14/12/2021,4634.09,4485430000,21.89,20211214,0.05,70.57
15/12/2021,4709.85,4910130000,19.29,20211215,0.06,70.89
16/12/2021,4668.67,4829500000,20.57,20211216,0.05,72.34
17/12/2021,4620.64,7987090000,21.57,20211217,0.05,70.93
20/12/2021,4568.02,4635700000,22.87,20211220,0.07,68.69
21/12/2021,4649.23,4072430000,21.01,20211221,0.07,71.1
22/12/2021,4696.56,3319610000,18.63,20211222,0.08,72.82
23/12/2021,4725.79,2913040000,17.96,20211223,0.08,73.89
27/12/2021,4791.19,2770290000,17.68,20211227,0.06,75.49
28/12/2021,4786.35,2707920000,17.54,20211228,0.06,76.01
29/12/2021,4793.06,2963310000,16.95,20211229,0.05,76.58
30/12/2021,4778.73,3124950000,17.33,20211230,0.05,76.83